"module name","license","repository"
"@babel/core@7.22.8","MIT","https://github.com/babel/babel"
"@babel/eslint-parser@7.22.7","MIT","https://github.com/babel/babel"
"@eslint-community/eslint-utils@4.4.0","MIT","https://github.com/eslint-community/eslint-utils"
"@eslint-community/regexpp@4.10.0","MIT","https://github.com/eslint-community/regexpp"
"@eslint/eslintrc@2.1.4","MIT","https://github.com/eslint/eslintrc"
"@eslint/js@8.44.0","MIT","https://github.com/eslint/eslint"
"@huyafed/eslint-plugin-catch-sentry@1.0.0","ISC",""
"@huyafed/huya-kiwi@1.4.21","ISC",""
"@huyafed/jce-plugin-generate-tsd@4.4.2","ISC","https://git.huya.com/huyafed/jce-tools"
"@huyafed/jce-plugin-taf-import@1.0.0","ISC",""
"@huyafed/jce@4.4.2","ISC","https://git.huya.com/huyafed/jce-tools"
"@huyafed/loginhandler@1.1.3","ISC",""
"@huyafed/taf-network@2.4.28","ISC",""
"@huyafed/tafcode@1.0.2","ISC",""
"@huyafed/tiny-img-min@2.4.2","ISC",""
"@huyafed/vite-plugin-huya@2.3.5","Custom: https://git.huya.com/huyafed/components/huyafed-npm/-/tree/master/packages/vite-plugin-huya",""
"@hy-sentry/browser@6.15.0","BSD-3-Clause","https://github.com/getsentry/sentry-javascript"
"@hy-sentry/tracing@6.15.0","MIT","https://github.com/getsentry/sentry-javascript"
"@nicolo-ribaudo/eslint-scope-5-internals@5.1.1-v1","MIT",""
"@originjs/vite-plugin-federation@1.2.3","MulanPSL-2.0","https://github.com/originjs/vite-plugin-federation"
"@reduxjs/toolkit@1.9.5","MIT","https://github.com/reduxjs/redux-toolkit"
"@rollup/plugin-babel@6.0.4","MIT","https://github.com/rollup/plugins"
"@sentry/browser@6.19.6","BSD-3-Clause","https://github.com/getsentry/sentry-javascript"
"@sentry/vite-plugin@2.5.0","MIT","https://github.com/getsentry/sentry-javascript-bundler-plugins"
"@types/node@18.0.4","MIT","https://github.com/DefinitelyTyped/DefinitelyTyped"
"@types/qs@6.9.7","MIT","https://github.com/DefinitelyTyped/DefinitelyTyped"
"@types/react-dom@18.0.6","MIT","https://github.com/DefinitelyTyped/DefinitelyTyped"
"@types/react@18.0.15","MIT","https://github.com/DefinitelyTyped/DefinitelyTyped"
"@typescript-eslint/eslint-plugin@6.0.0","MIT","https://github.com/typescript-eslint/typescript-eslint"
"@typescript-eslint/parser@6.0.0","BSD-2-Clause","https://github.com/typescript-eslint/typescript-eslint"
"@typescript-eslint/scope-manager@6.0.0","MIT","https://github.com/typescript-eslint/typescript-eslint"
"@typescript-eslint/type-utils@6.0.0","MIT","https://github.com/typescript-eslint/typescript-eslint"
"@typescript-eslint/types@6.0.0","MIT","https://github.com/typescript-eslint/typescript-eslint"
"@typescript-eslint/typescript-estree@6.0.0","BSD-2-Clause","https://github.com/typescript-eslint/typescript-eslint"
"@typescript-eslint/utils@6.0.0","MIT","https://github.com/typescript-eslint/typescript-eslint"
"@typescript-eslint/visitor-keys@6.0.0","MIT","https://github.com/typescript-eslint/typescript-eslint"
"@vitejs/plugin-legacy@4.0.4","MIT","https://github.com/vitejs/vite"
"@vitejs/plugin-react-swc@3.3.2","MIT","https://github.com/vitejs/vite-plugin-react-swc"
"antd-mobile@5.34.0","MIT","https://github.com/ant-design/ant-design-mobile"
"axios-jsonp@1.0.4","ISC","https://github.com/AdonisLau/axios-jsonp"
"axios@1.4.0","MIT","https://github.com/axios/axios"
"babel-eslint@10.1.0","MIT","https://github.com/babel/babel-eslint"
"classnames@2.2.6","MIT","https://github.com/JedWatson/classnames"
"copy-to-clipboard@3.3.3","MIT","https://github.com/sudodoki/copy-to-clipboard"
"cross-env@7.0.3","MIT","https://github.com/kentcdodds/cross-env"
"date-fns@2.23.0","MIT","https://github.com/date-fns/date-fns"
"eslint-config-airbnb-base@15.0.0","MIT","https://github.com/airbnb/javascript"
"eslint-config-airbnb-typescript@17.0.0","MIT","https://github.com/iamturns/eslint-config-airbnb-typescript"
"eslint-config-airbnb@19.0.4","MIT","https://github.com/airbnb/javascript"
"eslint-scope@7.2.2","BSD-2-Clause","https://github.com/eslint/eslint-scope"
"eslint-visitor-keys@2.1.0","Apache-2.0","https://github.com/eslint/eslint-visitor-keys"
"eslint@8.44.0","MIT","https://github.com/eslint/eslint"
"flatted@3.2.7","ISC","https://github.com/WebReflection/flatted"
"form-data@4.0.0","MIT","https://github.com/form-data/form-data"
"husky@8.0.1","MIT","https://github.com/typicode/husky"
"hy-game-mall@1.0.1","ISC",""
"intersection-observer@0.12.2","Apache-2.0","https://github.com/GoogleChromeLabs/intersection-observer"
"lint-staged@13.0.3","MIT","https://github.com/okonet/lint-staged"
"postcss-css-variables@0.18.0","MIT","https://github.com/MadLittleMods/postcss-css-variables"
"postcss-preset-env@7.8.0","CC0-1.0","https://github.com/csstools/postcss-plugins"
"postcss-px-to-viewport@1.1.1","MIT","https://github.com/evrone/postcss-px-to-viewport"
"postcss-pxtorem@6.0.0","MIT","https://github.com/cuth/postcss-pxtorem"
"postcss@8.4.14","MIT","https://github.com/postcss/postcss"
"prettier@2.7.1","MIT","https://github.com/prettier/prettier"
"qs@6.11.2","BSD-3-Clause","https://github.com/ljharb/qs"
"react-dom@18.2.0","MIT","https://github.com/facebook/react"
"react-redux@8.1.1","MIT","https://github.com/reduxjs/react-redux"
"react-router-dom@6.14.1","MIT","https://github.com/remix-run/react-router"
"react-router@6.14.1","MIT","https://github.com/remix-run/react-router"
"react@18.2.0","MIT","https://github.com/facebook/react"
"reset-css@5.0.1","Unlicense","https://github.com/shannonmoeller/reset-css"
"sass@1.53.0","MIT","https://github.com/sass/dart-sass"
"tailwindcss@3.3.1","MIT","https://github.com/tailwindlabs/tailwindcss"
"terser@5.14.2","BSD-2-Clause","https://github.com/terser/terser"
"typescript@4.9.5","Apache-2.0","https://github.com/Microsoft/TypeScript"
"vite-plugin-checker@0.5.6","MIT","https://github.com/fi3ework/vite-plugin-checker"
"vite-plugin-html@3.2.0","MIT","https://github.com/vbenjs/vite-plugin-html"
"vite-plugin-mkcert@1.14.0","MIT","https://github.com/liuweiGL/vite-plugin-mkcert"
"vite-require-images-to-import@0.0.4","ISC","https://github.com/rosong1/vite-require-images-to-import"
"vite-tsconfig-paths@3.5.0","MIT","https://github.com/aleclarson/vite-tsconfig-paths"
"vite@5.0.12","MIT","https://github.com/vitejs/vite"